judul,link,gambar,penulis,tanggal,isi
"3 Alasan Negara Arab Ini Bangun Jalur Kereta Api ke Israel, Salah Satunya Perang Gaza Bukan Penghalang",https://international.sindonews.com/read/1648451/43/3-alasan-negara-arab-ini-bangun-jalur-kereta-api-ke-israel-salah-satunya-perang-gaza-bukan-penghalang-1764141070,https://pict.sindonews.net/webp/732/pena/news/2025/11/26/43/1648451/zionis-masih-bantai-warga-gaza-3-alasan-negara-arab-ini-bangun-jalur-kereta-ke-israel-ghl.webp,Andika Hendra Mustaqim,"Rabu, 26 November 2025 - 15:54 WIB","GAZA - Sebuah media Israel melaporkan bahwa pengerjaan proyek kereta api yang menghubungkan Israel dengan Uni Emirat Arab berlanjut selama perang di Gaza dan kini telah mencapai tahap persiapan lanjutan. Menurut i24 , sebuah delegasi dari Kementerian Transportasi Israel, yang dipimpin oleh Menteri Miri Regev, melakukan kunjungan mendadak ke Abu Dhabi pada akhir pekan. 3 Alasan Negara Arab Ini Bangun Jalur Kereta Api ke Israel, Salah Satunya Perang Gaza Bukan Penghalang 1. Meningkatkan Perdagangan UEA dan Israel Laporan tersebut menyebutkan bahwa kereta api berkecepatan tinggi tersebut direncanakan untuk mendukung perdagangan antara negara-negara Teluk dan Israel. Ditambahkan bahwa delegasi tersebut mengunjungi Abu Dhabi untuk memperkuat kerja sama regional yang dibutuhkan antara Arab Saudi dan Israel, seraya mencatat bahwa proyek tersebut diharapkan dapat menciptakan rute komersial yang akan menjadikan Israel pusat perdagangan utama. Baca Juga: 15 Perang yang Melibatkan Tentara AS, Salah Satunya Pernah Kalah karena 60.000 Pasukan Tewas Sia-sia 2. Mengurangi Prosedur Birokrasi Berdasarkan rencana yang dilaporkan, barang-barang akan meninggalkan Pelabuhan Mundra di India melalui laut ke UEA, kemudian dilanjutkan melalui darat melalui Arab Saudi dan Yordania sebelum mencapai Haifa, dari sana barang-barang tersebut dapat diangkut ke Eropa. Media tersebut mengatakan bahwa truk-truk yang saat ini tiba dari UEA mencapai Pelabuhan Haifa melalui Jembatan Allenby, di mana mereka menghadapi prosedur birokrasi."
Proyek Kereta Israel-UEA Berlanjut Seiring Perang di Gaza,https://international.sindonews.com/read/1648157/43/proyek-kereta-israel-uea-berlanjut-seiring-perang-di-gaza-1764069113,https://pict.sindonews.net/webp/732/pena/news/2025/11/25/43/1648157/proyek-kereta-israeluea-berlanjut-seiring-perang-di-gaza-mln.webp,Syarifudin,"Selasa, 25 November 2025 - 19:30 WIB","TEL AVIV - Stasiun televisi Israel melaporkan pada Senin malam (24/11/2025) bahwa pengerjaan proyek kereta yang menghubungkan Israel dengan Uni Emirat Arab (UEA) berlanjut selama perang di Gaza dan kini telah mencapai tahap persiapan lanjutan. Menurut i24, satu delegasi dari Kementerian Perhubungan Israel, yang dipimpin Menteri Miri Regev, melakukan kunjungan mendadak ke Abu Dhabi pada akhir pekan. Laporan tersebut menyatakan kereta berkecepatan tinggi ini direncanakan untuk mendukung perdagangan antara negara-negara Teluk dan Israel. Ditambahkan bahwa delegasi tersebut mengunjungi Abu Dhabi untuk memperkuat kerja sama regional yang dibutuhkan antara Arab Saudi dan Israel, dan mencatat proyek ini diharapkan dapat menciptakan rute komersial yang akan menjadikan Israel sebagai pusat perdagangan utama. Berdasarkan rencana yang dilaporkan, barang-barang akan meninggalkan Pelabuhan Mundra di India melalui laut ke UEA, kemudian dilanjutkan melalui darat melalui Arab Saudi dan Yordania sebelum mencapai Haifa, dari sana barang-barang tersebut dapat diangkut ke Eropa."
90% Warga Gaza Bertahan Hidup Hanya dengan 1 Kali Makan Sehari,https://international.sindonews.com/read/1648177/43/90-warga-gaza-bertahan-hidup-hanya-dengan-1-kali-makan-sehari-1764072692,https://pict.sindonews.net/webp/732/pena/news/2025/11/25/43/1648177/90-warga-gaza-bertahan-hidup-hanya-dengan-1-kali-makan-sehari-jvg.webp,Syarifudin,"Selasa, 25 November 2025 - 21:30 WIB","JALUR GAZA - Badan Bantuan dan Pekerjaan Perserikatan Bangsa-Bangsa untuk Pengungsi Palestina (UNRWA) menyatakan kondisi kemanusiaan di Jalur Gaza tetap memprihatinkan meskipun ada gencatan senjata. Lembaga itu memperingatkan pembatasan bantuan Israel menghambat perbaikan yang berarti. Juru bicara UNRWA, Adnan Abu Hasna, mengonfirmasi Israel terus memblokir masuknya staf internasional UNRWA dan membatasi aliran pasokan kemanusiaan, menyebabkan sekitar 6.000 truk makanan terlantar di perlintasan perbatasan. Abu Hasna mengatakan lebih dari 90% penduduk Gaza kini sepenuhnya bergantung pada bantuan kemanusiaan, dengan banyak keluarga hanya menerima satu kali makan setiap 24 jam. Ia mencatat meskipun rata-rata 170 truk bantuan memasuki Gaza setiap hari, angka tersebut masih jauh di bawah jumlah minimum yang dibutuhkan untuk memenuhi kebutuhan dasar. UNRWA saat ini mengelola 100 tempat penampungan yang menampung lebih dari 80.000 pengungsi, sembari terus menyediakan pendidikan jarak jauh bagi sekitar 300.000 siswa dan pembelajaran tatap muka bagi 50.000 orang lainnya dalam kondisi yang sangat sulit."
Rusia Ungkap Israel Bangun Benteng di Gaza Bukti Rencana Pendudukan Jangka Panjang,https://international.sindonews.com/read/1648171/42/rusia-ungkap-israel-bangun-benteng-di-gaza-bukti-rencana-pendudukan-jangka-panjang-1764069090,https://pict.sindonews.net/webp/732/pena/news/2025/11/25/42/1648171/rusia-ungkap-israel-bangun-benteng-di-gaza-bukti-rencana-pendudukan-jangka-panjang-dln.webp,Syarifudin,"Selasa, 25 November 2025 - 20:30 WIB","NEW YORK - Wakil Tetap Rusia untuk Perserikatan Bangsa-Bangsa (PBB) Vasily Nebenzya mengatakan pembangunan benteng dan penghalang oleh Israel di Gaza menandakan rencana pendudukan jangka panjang. Dia mendesak jadwal yang jelas untuk penarikan pasukan dan pengalihan kendali kepada Otoritas Palestina (PA). Ia mengatakan dalam sidang Dewan Keamanan PBB bahwa Israel memberlakukan pembatasan bantuan kemanusiaan di Gaza, dengan menjelaskan, ""Masih terdapat pembatasan yang signifikan terhadap pengiriman dan distribusi bantuan kemanusiaan di Jalur Gaza."" Memperingatkan tentang pembangunan penghalang dan penghalang oleh Israel di Gaza, Nebenzya mengatakan, ""Pembangunan penghalang dan benteng di wilayah yang dikuasai Israel menunjukkan pendudukan sektor tersebut bersifat jangka panjang."" Dia menekankan, ""Penting juga untuk menetapkan sesegera mungkin jadwal yang jelas untuk pengalihan wewenang di wilayah kantong tersebut kepada PA, serta untuk penarikan unit Pasukan Pertahanan Israel (IDF) dari Jalur Gaza."" Ia menambahkan, laporan yang mengklaim Israel mendukung kelompok bersenjata yang memerangi Hamas di Gaza mengkhawatirkan. Sementara itu, Gerakan Perlawanan Hamas telah menyerukan tindakan internasional yang mendesak untuk membersihkan persenjataan yang belum meledak dan sisa-sisa operasi militer Israel lainnya di Jalur Gaza."
Pusat Riset Jerman Ungkap Korban Tewas di Gaza Kemungkinan Melebihi 100.000 Jiwa,https://international.sindonews.com/read/1648315/41/pusat-riset-jerman-ungkap-korban-tewas-di-gaza-kemungkinan-melebihi-100000-jiwa-1764119470,https://pict.sindonews.net/webp/732/pena/news/2025/11/26/41/1648315/pusat-riset-jerman-ungkap-korban-tewas-di-gaza-kemungkinan-melebihi-100000-jiwa-jvn.webp,Syarifudin,"Rabu, 26 November 2025 - 08:51 WIB","BERLIN - Angka kematian saat ini di Jalur Gaza kemungkinan melebihi 100.000 jiwa, dengan harapan hidup pada tahun 2024 telah turun ""menjadi hampir setengah"" dari tingkat yang diperkirakan di luar serangan militer Israel. Data itu berdasarkan hasil studi terbaru. Studi ini dilakukan tim peneliti dari Institut Max Planck untuk Penelitian Demografi (MPIDR) yang bergengsi di Jerman dan Pusat Studi Demografi (CED) yang berbasis di Barcelona. “Dengan menggunakan pendekatan pemodelan pseudo-Bayesian, studi ini memperkirakan 78.318 (70.614-87.504) orang tewas di Gaza antara 7 Oktober 2023 dan akhir tahun 2024 sebagai akibat langsung dari konflik tersebut,” ungkap pernyataan siaran pers dari MPIDR. Lembaga itu menambahkan, “Dalam analisis lanjutan yang dilakukan setelah publikasi, para penulis menemukan bahwa pada 6 Oktober 2025, jumlah kematian akibat konflik di Gaza kemungkinan telah melampaui 100.000.” Disebutkan, para peneliti mengembangkan pendekatan “untuk menganalisis dampak perang” terhadap mortalitas, dengan menggabungkan dan menyebarkan ketidakpastian yang besar seputar data yang tersedia mengenai konflik yang sedang berlangsung di Gaza. Beberapa Sumber Pernyataan tersebut mencatat Ana C. Gómez-Ugarte, Irena Chen, bersama rekan-rekan mereka mendasarkan estimasi mereka pada data dari beberapa sumber publik, termasuk Kementerian Kesehatan Gaza (GMoH), Pusat Informasi Israel untuk Hak Asasi Manusia di Wilayah Pendudukan (B’Tselem), Kantor Perserikatan Bangsa-Bangsa untuk Koordinasi Urusan Kemanusiaan (OCHA), Kelompok Antar-Badan Perserikatan Bangsa-Bangsa untuk Estimasi Mortalitas Anak (UN-IGME), dan Biro Pusat Statistik Palestina (PCBS). ""Ketegangan antara keterbatasan data dan tuntutan akan metrik yang bermakna menjadi pendorong studi ini. Kami menunjukkan tantangan-tantangan ini tidak harus saling eksklusif,"" ujar Gómez-Ugarte."
Hamas dan Mesir Capai Kemajuan dalam Masalah Senjata dan Komite Gaza,https://international.sindonews.com/read/1648349/43/hamas-dan-mesir-capai-kemajuan-dalam-masalah-senjata-dan-komite-gaza-1764126698,https://pict.sindonews.net/webp/732/pena/news/2025/11/26/43/1648349/hamas-dan-mesir-capai-kemajuan-dalam-masalah-senjata-dan-komite-gaza-khl.webp,Syarifudin,"Rabu, 26 November 2025 - 10:28 WIB","GAZA - Sumber informasi mengindikasikan kemajuan signifikan telah dicapai terkait isu senjata Hamas selama pertemuan intensif di Kairo antara pimpinan gerakan Palestina dan pejabat dari Direktorat Intelijen Umum Mesir. Kabar itu diungkap saluran RT Rusia. Perundingan ini berlangsung di tengah upaya delegasi Palestina—yang dipimpin Mohammed Darwish, ketua Dewan Kepemimpinan Hamas, dan beranggotakan Khalil al-Hayya, Nizar Awadallah, dan Zaher Jabarin—untuk menyepakati pengaturan administratif transisi bagi Jalur Gaza. Diskusi berfokus pada pembentukan komite teknokratis independen sebagai langkah menuju rekonsiliasi nasional Palestina yang komprehensif. Menurut sumber tersebut, pertemuan tersebut bertujuan menetapkan kerangka kerja pemerintahan Gaza di periode mendatang, yang masih kompleks secara politik dan operasional, serta untuk membuka jalan bagi fase kedua negosiasi di bawah perjanjian ""Sharm el-Sheikh–Trump"", yang bertujuan mengamankan gencatan senjata jangka panjang. Perundingan tersebut dilaporkan berfokus pada finalisasi pembentukan komite teknokratis untuk mengelola Jalur Gaza sementara, menjelang proses rekonsiliasi yang lebih luas."
GHF yang Didukung AS Akhiri Misi Berdarah di Gaza setelah 9 Bulan,https://international.sindonews.com/read/1648127/43/ghf-yang-didukung-as-akhiri-misi-berdarah-di-gaza-setelah-9-bulan-1764065498,https://pict.sindonews.net/webp/732/pena/news/2025/11/25/43/1648127/ghf-yang-didukung-as-akhiri-misi-berdarah-di-gaza-setelah-9-bulan-cmo.webp,Syarifudin,"Selasa, 25 November 2025 - 17:31 WIB","JALUR GAZA - Yayasan Kemanusiaan Gaza (GHF) yang didukung Amerika Serikat (AS) dan Israel pada hari Senin (24/11/2025) mengumumkan berakhirnya misinya di Gaza. Penghentian misi itu sembilan bulan setelah didirikan. ""Yayasan Kemanusiaan Gaza (GHF) hari ini mengumumkan keberhasilan penyelesaian misi daruratnya di Gaza setelah mengirimkan lebih dari 187 juta makanan gratis langsung kepada warga sipil yang tinggal di Gaza,"" ungkap pernyataan organisasi tersebut. Direktur Eksekutif GHF, John Acree, mengatakan kelompok tersebut ""menghentikan operasi kami karena kami telah berhasil dalam misi kami untuk menunjukkan bahwa ada cara yang lebih baik untuk mengirimkan bantuan kepada warga Gaza."" Acree mengatakan model GHF sedang diadopsi dan diperluas oleh Pusat Koordinasi Sipil Militer (CMCC) dan organisasi internasional lainnya setelah berminggu-minggu perundingan. PBB mengatakan perkembangan ini tidak akan memengaruhi operasinya. ""Kami tidak pernah bekerja sama dengan mereka,"" ungkap juru bicara PBB, Stephane Dujarric, kepada para wartawan. GHF, yang dibentuk oleh AS dan Israel untuk menggantikan badan PBB untuk pengungsi Palestina (UNRWA), telah menghadapi kritik karena gagal memenuhi tingkat pengiriman bantuan yang disepakati. Organisasi ini juga dikritik karena serangan yang menargetkan warga sipil yang sedang menunggu makanan di pusat distribusi bantuannya."
2 Juta Warga Israel Hadapi Krisis Kesehatan Mental setelah 2 Tahun Perang di Gaza,https://international.sindonews.com/read/1648079/43/2-juta-warga-israel-hadapi-krisis-kesehatan-mental-setelah-2-tahun-perang-di-gaza-1764058282,https://pict.sindonews.net/webp/732/pena/news/2025/11/25/43/1648079/2-juta-warga-israel-hadapi-krisis-kesehatan-mental-setelah-2-tahun-perang-di-gaza-lkc.webp,Syarifudin,"Selasa, 25 November 2025 - 15:59 WIB","TEL AVIV - Israel menghadapi krisis kesehatan mental yang mengancam hampir dua juta orang, termasuk sejumlah besar tentara, akibat perang genosida Tel Aviv selama dua tahun di Gaza. Kabar itu diungkap harian Yedioth Ahronoth. ""Dua juta warga Israel, termasuk banyak tentara, kini membutuhkan dukungan psikologis dari negara,"" tulis harian Yedioth Ahronoth, mencatat lonjakan tajam kecanduan narkoba, seiring dengan hancurnya keluarga dan seluruh komunitas. Surat kabar itu mengatakan meskipun banyak warga Israel berasumsi bahwa perang telah mendorong masyarakat ke dalam krisis psikologis yang mendalam, peringatan terus bermunculan bahwa, ""Bencana nyata masih menanti."" Para ahli dan penyintas trauma yang dikutip surat kabar tersebut menunjukkan kekurangan terapis yang parah, menjelaskan mengapa kesulitan yang paling akut seringkali muncul setelah pertempuran berakhir. Mereka memperingatkan generasi mendatang kemungkinan akan membayar harga yang mahal. “Sistem kesehatan mental Israel berada dalam krisis jangka panjang yang semakin memburuk sejak awal perang, dengan kekurangan staf yang parah, waktu tunggu yang lama, dan infrastruktur yang tidak mampu menahan tekanan,"" tambah laporan tersebut. ""Sebagian besar penduduk kami – orang-orang yang menunjukkan kekuatan dan solidaritas yang luar biasa – kini merasa tertekan dan depresi setelah dua tahun perang. Kami melihatnya setiap hari, sekarang lebih parah dari sebelumnya,"" ujar Prof. Merav Roth, seorang psikolog klinis."
"Mobil Paus Fransiskus Disulap Jadi Klinik Keliling, Segera Dikirim ke Gaza",https://international.sindonews.com/read/1648293/43/mobil-paus-fransiskus-disulap-jadi-klinik-keliling-segera-dikirim-ke-gaza-1764112275,https://pict.sindonews.net/webp/732/pena/news/2025/11/26/43/1648293/mobil-paus-fransiskus-disulap-jadi-klinik-keliling-segera-dikirim-ke-gaza-fon.webp,Syarifudin,"Rabu, 26 November 2025 - 07:05 WIB","YERUSALEM - Kota Betlehem, Tepi Barat, sedang bersiap mengirimkan mobil mendiang Paus Fransiskus ke Jalur Gaza setelah mengubahnya menjadi klinik keliling untuk merawat anak-anak Palestina yang terluka dalam perang genosida Israel. “Kendaraan Harapan ini merupakan harapan besar yang kami harap dapat mencapai Gaza untuk melayani anak-anak dan keluarga di sana,” ujar Pastor Ibrahim Faltas, penasihat Kustodi Fransiskan Tanah Suci, dalam acara yang dihadiri tokoh agama dan komunitas di Betlehem. “Ini adalah mobil yang digunakan Paus Fransiskus saat kunjungannya ke Betlehem tahun 2014,” ujarnya. Dia menjelaskan, “Hari ini, kami berharap mobil ini akan menjadi alat kemanusiaan untuk merawat mereka yang terluka.” Faltas menyatakan “Paus Fransiskus menunjukkan kepedulian yang besar terhadap Tanah Suci dan khususnya memiliki kasih sayang yang mendalam terhadap Gaza.”"
Israel Hadapi 'Tsunami Kesehatan Mental' setelah 2 Tahun Perang Gaza,https://international.sindonews.com/read/1647205/43/israel-hadapi-tsunami-kesehatan-mental-setelah-2-tahun-perang-gaza-1763867514,https://pict.sindonews.net/dyn/732/pena/news/2025/11/23/43/1647205/israel-hadapi-tsunami-kesehatan-mental-setelah-2-tahun-perang-gaza-bfn.jpg,Muhaimin,"Minggu, 23 November 2025 - 10:34 WIB","TEL AVIV - Israel menghadapi ""tsunami kesehatan mental"", dengan 2 juta orang membutuhkan dukungan karena tingkat kecanduan obat penenang melonjak dan keluarga serta komunitas terpecah belah. Surat kabar Zionis, Yedioth Ahronoth , mengungkapkan temuan itu. Dalam laporan ekstensif yang diterbitkan pada hari Jumat, media tersebut menyebutkan para profesional kesehatan mental telah membunyikan alarm atas peningkatan tajam jumlah orang yang membutuhkan dukungan sejak 7 Oktober 2023. Sementara itu, terdapat kekurangan terapis dan layanan dukungan yang parah, yang menurut para pakar dapat berakibat fatal. Baca Juga: Berita Kemelut PBNU Mendunia, Gus Yahya Ditekan Mundur karena Mengundang Tokoh Pro-Israel Pekan lalu, sebuah koalisi yang terdiri dari delapan organisasi kesehatan mental besar mengeluarkan peringatan mendesak kepada pemerintah Perdana Menteri Benjamin Netanyahu, menggambarkan situasi negara itu sebagai ""wabah penyakit mental yang belum pernah terjadi sebelumnya dalam hal kedalaman dan cakupannya"". Kelompok-kelompok tersebut menyebut krisis ini ""katastrofik"" dan menuntut intervensi pemerintah segera. Menurut koalisi tersebut, masyarakat Israel menunjukkan tanda-tanda yang jelas dari tekanan psikologis yang meluas. ""Kondisi psikologis dan kesejahteraan masyarakat Israel berada pada titik terendah yang belum pernah kita lihat sebelumnya,"" kata koalisi tersebut. Periode konflik dan trauma yang panjang telah membuat banyak orang berjuang melawan depresi, kecemasan, pikiran yang mengganggu, dan kelelahan. Keluarga dan masyarakat sangat terdampak, dan kelompok-kelompok tersebut memperingatkan bahwa krisis belum mencapai puncaknya. Mereka memperingatkan tentang ""trauma kolektif yang mendalam dan berkepanjangan"" dan semakin runtuhnya rasa aman dan kepercayaan publik, yang kemungkinan akan memengaruhi generasi mendatang."
Indonesia Sambut Baik Resolusi Dewan Keamanan PBB untuk Gaza,https://international.sindonews.com/read/1645651/40/indonesia-sambut-baik-resolusi-dewan-keamanan-pbb-untuk-gaza-1763467870,https://pict.sindonews.net/webp/732/pena/news/2025/11/18/40/1645651/indonesia-sambut-baik-resolusi-dewan-keamanan-pbb-untuk-gaza-qlp.webp,Syarifudin,"Selasa, 18 November 2025 - 19:07 WIB","JAKARTA - Indonesia menyambut baik disahkannya Resolusi Dewan Keamanan PBB mengenai Gaza. Resolusi itu bertujuan menjaga keberlangsungan gencatan senjata dan memastikan penyaluran bantuan kemanusiaan di Gaza, Palestina. “Indonesia menyambut baik disahkannya Resolusi Dewan Keamanan PBB mengenai Gaza pada 17 November 2025, yang bertujuan menjaga keberlangsungan gencatan senjata dan memastikan penyaluran bantuan kemanusiaan di Gaza, Palestina,” ungkap Juru Bicara (Jubir) Kementerian Luar Negeri (Kemlu) RI Yvonne Mewengkang. Dia menjelaskan, “Resolusi juga mengedepankan penyelesaian konflik dan perdamaian berkelanjutan melalui penguatan kapasitas Otoritas Palestina, bantuan rekonstruksi, dan penjagaan perdamaian oleh pasukan stabilisasi internasional atas mandat PBB.” “Indonesia terus menekankan pentingnya keterlibatan seluruh pihak, khususnya Otoritas Palestina, dalam penyelesaian konflik dan proses perdamaian tersebut serta mandat PBB yang jelas terhadap pasukan penjaga perdamaian, untuk mewujudkan solusi dua negara sesuai dengan hukum dan parameter internasional yang telah disepakati,” papar dia. Dia menegaskan, “Indonesia akan terus mendukung hak bangsa Palestina yang merdeka dan berdaulat, termasuk melalui penguatan kapasitas dan bantuan kemanusiaan.” “Indonesia menyerukan kepada seluruh pihak yang terlibat serta masyarakat internasional untuk mendukung proses perdamaian ini, atas nama kemanusiaan, untuk mengakhiri konflik yang berkepanjangan, memenuhi hak bangsa Palestina untuk merdeka sepenuhnya, dan menciptakan perdamaian yang langgeng di kawasan Timur Tengah,” ungkapnya. Baca juga: Hamas: Resolusi Dewan Keamanan PBB tentang Gaza Tak Penuhi Tuntutan Rakyat Palestina (sya)"
Pesawat Ke-1.000 Pembawa Pasokan Militer Barat Mendarat di Israel sejak Genosida Gaza,https://international.sindonews.com/read/1646425/43/pesawat-ke-1000-pembawa-pasokan-militer-barat-mendarat-di-israel-sejak-genosida-gaza-1763644315,https://pict.sindonews.net/webp/732/pena/news/2025/11/20/43/1646425/pesawat-ke1000-pembawa-pasokan-militer-barat-mendarat-di-israel-sejak-genosida-gaza-dny.webp,Syarifudin,"Jum'at, 21 November 2025 - 00:01 WIB","JALUR GAZA - Kementerian Pertahanan Israel mengatakan pada hari Rabu (19/11/2025) bahwa pesawat ke-1.000 dalam operasi pengangkutan udara Barat yang sedang berlangsung sejak dimulainya genosida Gaza telah mendarat di negara itu. Itu artinya, total kargo militer yang telah dikirim sejak 8 Oktober 2023 menjadi lebih dari 120.000 ton, menurut laporan Anadolu Agency. Pengumuman ini muncul di tengah dukungan Amerika Serikat (AS) terhadap Tel Aviv selama perang Gaza, dengan beberapa pemerintah Barat mengkritik tindakan Israel dan memberlakukan pembatasan ekspor senjata. Spanyol mengeluarkan dekrit kerajaan pada bulan September yang memberlakukan embargo senjata penuh terhadap Israel, sementara tahun lalu Inggris, Jerman, dan Kanada memberlakukan pembatasan transfer senjata. “Pesawat ke-1.000 dalam operasi pengangkutan udara peralatan dan senjata militer komprehensif, yang dimulai segera setelah pecahnya perang, telah mendarat di Israel,” ungkap pernyataan kementerian, yang menyebut operasi tersebut “belum pernah terjadi sebelumnya” dalam sejarah Israel."
"Rusia Sebut Pasukan Stabilisasi Gaza Ingatkan Praktik Kolonial, Abaikan Partisipasi Rakyat Palestina",https://international.sindonews.com/read/1645659/42/rusia-sebut-pasukan-stabilisasi-gaza-ingatkan-praktik-kolonial-abaikan-partisipasi-rakyat-palestina-1763467898,https://pict.sindonews.net/webp/732/pena/news/2025/11/18/42/1645659/rusia-sebut-pasukan-stabilisasi-gaza-ingatkan-praktik-kolonial-abaikan-partisipasi-rakyat-palestina-aoz.webp,Syarifudin,"Selasa, 18 November 2025 - 20:15 WIB","NEW YORK - Duta Besar Rusia untuk Perserikatan Bangsa-Bangsa (PBB) Vassily Nebenzia menjelaskan mengapa negaranya abstain dari pemungutan suara resolusi Amerika Serikat (AS). Ia mengungkapkan kekhawatirannya tentang bagaimana resolusi tersebut mengesampingkan partisipasi rakyat Palestina dan menuduh AS tidak bertindak dengan ""itikad baik"" untuk meloloskannya. ""Yang terpenting, dokumen ini tidak boleh menjadi dalih bagi eksperimen tak terkendali yang dilakukan AS di Israel, di wilayah Palestina yang diduduki,"" tegas Nebenzia. Nebenzia menyatakan kekhawatirannya bahwa resolusi tersebut tidak memuat informasi tentang bagaimana Pasukan Stabilisasi Internasional (ISF) akan bekerja sama dengan Otoritas Palestina. Berdasarkan resolusi yang diadopsi, Nebenzia mengatakan, “Pasukan tersebut tampaknya dapat bertindak secara otonom tanpa mempertimbangkan posisi maupun pendapat Ramallah."" ""Hal ini dapat memperkokoh pemisahan Jalur Gaza dari Tepi Barat. Hal ini mengingatkan kita pada praktik kolonial dan Mandat Inggris untuk Palestina di Liga Bangsa-Bangsa, ketika pendapat rakyat Palestina sendiri tidak diperhitungkan,"" ujar utusan Rusia tersebut kepada Dewan Keamanan PBB. Ia juga menyatakan kekhawatiran bahwa mandat pasukan tersebut dalam rencana Presiden AS Donald Trump masih dipertanyakan, termasuk apakah ""tugas penegakan perdamaian"" yang dimilikinya dapat ""benar-benar mengubahnya menjadi pihak dalam konflik yang melampaui batas-batas penjagaan perdamaian""."
Israel Bunuh 280 Warga Palestina di Gaza Sejak Gencatan Senjata,https://international.sindonews.com/read/1646359/43/israel-bunuh-280-warga-palestina-di-gaza-sejak-gencatan-senjata-1763633503,https://pict.sindonews.net/webp/732/pena/news/2025/11/20/43/1646359/israel-bunuh-280-warga-palestina-di-gaza-sejak-gencatan-senjata-mrs.webp,Syarifudin,"Kamis, 20 November 2025 - 18:05 WIB","JALUR GAZA - Tiga warga Palestina tewas dan beberapa orang lainnya luka-luka pada Kamis dini hari (20/11/2025) dalam serangan udara Israel terhadap satu rumah di Jalur Gaza selatan. Ini menjadi pelanggaran lebih lanjut terhadap gencatan senjata 10 Oktober, menurut Pertahanan Sipil Gaza. Badan tersebut melaporkan timnya menemukan tiga jenazah dan 15 orang luka-luka dari dua keluarga setelah serangan yang menargetkan satu rumah tinggal di Bani Suheila, sebelah timur Khan Younis di Jalur Gaza selatan. Pada hari Rabu, tentara Israel menewaskan 25 warga Palestina dan melukai 77 orang dalam serangkaian serangan beruntun di beberapa wilayah yang sebelumnya telah ditarik Israel, dalam apa yang disebut otoritas Palestina sebagai pelanggaran perjanjian gencatan senjata, menurut Kementerian Kesehatan di Gaza. Kementerian tersebut tidak merilis informasi lebih lanjut tentang lokasi yang menjadi sasaran atau identitas para korban. Militer Israel mengklaim serangan itu merupakan respons terhadap tembakan yang menargetkan pasukannya di Rafah, Gaza selatan."
Hamas: Resolusi Dewan Keamanan PBB tentang Gaza Tak Penuhi Tuntutan Rakyat Palestina,https://international.sindonews.com/read/1645569/43/hamas-resolusi-dewan-keamanan-pbb-tentang-gaza-tak-penuhi-tuntutan-rakyat-palestina-1763453516,https://pict.sindonews.net/webp/732/pena/news/2025/11/18/43/1645569/hamas-resolusi-dewan-keamanan-pbb-tentang-gaza-tak-penuhi-tuntutan-rakyat-palestina-zoj.webp,Syarifudin,"Selasa, 18 November 2025 - 16:11 WIB","JALUR GAZA - Gerakan Palestina Hamas menyatakan resolusi Amerika Serikat (AS) tentang Jalur Gaza yang diadopsi Dewan Keamanan PBB tidak memenuhi tuntutan dan hak-hak rakyat Palestina. ""Resolusi ini tidak memenuhi tuntutan dan hak politik dan kemanusiaan rakyat Palestina, khususnya di Jalur Gaza … Resolusi ini memaksakan mekanisme perwalian internasional di Jalur Gaza, yang ditolak oleh rakyat kami dan faksi-faksi mereka,"" tegas pernyataan Hamas pada hari Senin (17/11/2025). Pada hari Senin, Dewan Keamanan PBB mengadopsi resolusi yang disponsori AS yang mengesahkan pembentukan Pasukan Stabilisasi Internasional (ISF) di Jalur Gaza. ISF akan bekerja sama dengan Israel dan Mesir di bawah mandat awal dua tahun untuk mengamankan perbatasan Gaza, melindungi warga sipil, mengirimkan bantuan kemanusiaan, melatih pasukan polisi Palestina yang dibentuk kembali, dan mengawasi pelucutan senjata Hamas dan kelompok bersenjata lainnya. Tiga belas anggota Dewan memberikan suara mendukung resolusi tersebut, sementara dua anggota - Rusia dan China abstain dalam pemungutan suara. Baca juga: UNIFIL Ungkap Israel Bangun Tembok Beton yang Melintasi Wilayah Lebanon, Blokir Akses Warga (sya)"
PBB Ungkap 9 Upaya Pengiriman Tenda ke Gaza Ditolak Israel,https://international.sindonews.com/read/1645613/43/pbb-ungkap-9-upaya-pengiriman-tenda-ke-gaza-ditolak-israel-1763460703,https://pict.sindonews.net/dyn/732/pena/news/2025/11/18/43/1645613/pbb-ungkap-9-upaya-pengiriman-tenda-ke-gaza-ditolak-israel-thq.jpg,Syarifudin,"Selasa, 18 November 2025 - 17:21 WIB","JALUR GAZA - Perserikatan Bangsa-Bangsa (PBB) menekankan situasi yang sangat sulit di Jalur Gaza, karena upayanya mengirimkan tenda kepada mereka yang membutuhkan berulang kali ditolak. Anadolu mengutip pernyataan dari Kantor Koordinasi Urusan Kemanusiaan (OCHA). Juru bicara PBB Stephane Dujarric memperingatkan dalam konferensi pers bahwa, ""Situasi kemanusiaan masih sangat sulit, dengan banyak orang kesulitan mengakses kebutuhan dasar yang mereka butuhkan untuk bertahan hidup."" Mengingat hujan lebat baru-baru ini di wilayah kantong tersebut, Dujarric mengatakan, ""Tim kemanusiaan melakukan penilaian cepat di daerah terdampak selama akhir pekan dan memberikan beberapa bantuan awal."" ""Sejak 10 Oktober, setidaknya sembilan upaya PBB dan mitra kami untuk mengirimkan tenda telah ditolak,"" ujarnya. Ia mengatakan mitra yang menangani keamanan pangan melaporkan, ""Dengan meningkatnya volume paket makanan yang masuk ke Gaza dalam beberapa hari terakhir, mereka berencana melanjutkan distribusi dua paket makanan dan satu kantong tepung di seluruh wilayah tersebut."""
"Pastor Manuel Musallam: Rencana AS untuk Gaza akan Gagal, Perlawanan Palestina Tak akan Dilucuti",https://international.sindonews.com/read/1645769/43/pastor-manuel-musallam-rencana-as-untuk-gaza-akan-gagal-perlawanan-palestina-tak-akan-dilucuti-1763511111,https://pict.sindonews.net/dyn/732/pena/news/2025/11/19/43/1645769/pastor-manuel-musallam-rencana-as-untuk-gaza-akan-gagal-perlawanan-palestina-tak-akan-dilucuti-nlw.jpg,Syarifudin,"Rabu, 19 November 2025 - 08:30 WIB","JALUR GAZA - Anggota Komite Islam-Kristen untuk Dukungan Yerusalem dan Tempat-Tempat Suci Pastor Manuel Musallam mengatakan inisiatif internasional terkait Jalur Gaza bertujuan melemahkan dan melucuti perlawanan Palestina. Dia menegaskan upaya tersebut ""ditakdirkan untuk gagal."" Dalam pernyataan pers, Musallam mengatakan senjata perlawanan Palestina ""tidak akan dirampas oleh siapa pun — baik Amerika Serikat maupun siapa pun,"" dengan alasan bahwa Israel, bukan Gaza, yang harus ditempatkan di bawah perwalian internasional ""atas kejahatan perang dan genosida yang dilakukan terhadap rakyat Palestina."" Ia menuduh Amerika Serikat sebagai ""mitra langsung"" dalam penderitaan rakyat Palestina karena ""dukungan militer dan politiknya untuk Israel."" Dia menggambarkan visi Amerika untuk Gaza sebagai ""upaya yang gagal untuk melucuti Palestina —ilusi yang tidak akan pernah terwujud."" Musallam menambahkan rakyat Palestina ""tidak mempercayai Amerika Serikat, Eropa, atau beberapa rezim Arab."" Dia menekankan Israel telah gagal mencapai keamanan ""melalui kekuatan militer"" setelah dua tahun perang. “Keamanan sejati, hanya dapat dicapai melalui pengakuan hak-hak rakyat Palestina, bukan melalui kekerasan dan pembunuhan,"" tegas dia."
"Langgar Gencatan Senjata, Israel Mengebom Gaza Tewaskan 28 Orang",https://international.sindonews.com/read/1646111/43/langgar-gencatan-senjata-israel-mengebom-gaza-tewaskan-28-orang-1763597508,https://pict.sindonews.net/webp/732/pena/news/2025/11/20/43/1646111/langgar-gencatan-senjata-israel-mengebom-gaza-tewaskan-28-orang-fan.webp,Muhaimin,"Kamis, 20 November 2025 - 07:04 WIB","GAZA - Militer Israel telah membombardir Jalur Gaza yang menewaskan 28 orang pada hari Rabu. Ini merupakan salah satu serangan paling mematikan di wilayah kantong Palestina tersebut sejak gencatan senjata diberlakukan bulan lalu. Serangan terjadi ketika militer Israel juga mengumumkan serangkaian serangan yang menargetkan Hizbullah di Lebanon meskipun gencatan senjata telah berlangsung hampir setahun di sana. Sebanyak 14 orang tewas di Kota Gaza dan korban tewaslainnya ditemukan di wilayah Khan Younis, menurut badan pertahanan sipil Gaza, yang beroperasi di bawah otoritas Hamas. Dua rumah sakit yang dihubungi AFP, Kamis (20/11/2025) melaporkan jumlah korban yang sama. Baca Juga: Indonesia Sambut Baik Resolusi Dewan Keamanan PBB untuk Gaza Militer Israel mengatakan mereka menyerang Hamas setelah para milisi Gaza melepaskan tembakan ke arah wilayah tempat pasukan Zionis beroperasi di selatan. Baik militer Zionis maupun Hamas saling tuduh melanggar gencatan senjata. Hamas membantah tuduhan tersebut dan mengecam serangan militer Israel sebagai ""eskalasi berbahaya"" yang dapat membahayakan gencatan senjata—yang sebagian besar telah berlangsung sejak 10 Oktober meskipun terjadi gejolak. Ahraf Abu Sultan (50) mengatakan kepada AFP bahwa dia telah kembali ke rumahnya di Kota Gaza bersama keluarganya pada hari Minggu, setelah mengungsi di selatan selama setahun. ""Kami hampir tidak berhasil memperbaiki satu ruangan di rumah kami yang hancur untuk mencoba dan menetap hanya dua hari yang lalu, dan pengeboman dan kematian telah dimulai lagi. Mereka bahkan tidak memberi kami kesempatan untuk bernapas,"" katanya. Rekannya sesama warga Kota Gaza, Nivine Ahmed, mengatakan dia sedang mengobrol dengan seorang tetangga ketika pengeboman Israel ""mengubah segalanya dalam sedetik"". ""Kami mendengar suara ledakan dan melihat asap mengepul. Orang-orang berlarian dan sirene ambulans meraung-raung, membawa pergi para martir,"" ujarnya. ""Lain kali rudal itu bisa saja jatuh menimpa kami."""
Mesir Menentang Segala Upaya Memecah Jalur Gaza,https://international.sindonews.com/read/1646877/43/mesir-menentang-segala-upaya-memecah-jalur-gaza-1763781064,https://pict.sindonews.net/dyn/732/pena/news/2025/11/22/43/1646877/mesir-menentang-segala-upaya-memecah-jalur-gaza-pfg.jpg,Syarifudin,"Sabtu, 22 November 2025 - 11:14 WIB","KAIRO - Menteri Luar Negeri Mesir Badr Abdelatty menegaskan kembali penolakan tegas Kairo terhadap segala upaya pemecahan Jalur Gaza. Dia menekankan perlunya menjaga kesatuan wilayah Palestina antara Gaza dan Tepi Barat. Pernyataan tersebut disampaikan dalam panggilan telepon dengan Menteri Luar Negeri Inggris Yvette Cooper. Kedua menteri membahas perkembangan terbaru dalam isu Palestina. Mereka menyoroti kebutuhan mendesak untuk mempercepat pembentukan pasukan stabilisasi internasional di Gaza guna melaksanakan tanggung jawabnya berdasarkan resolusi Dewan Keamanan PBB, dalam kerangka operasi penjaga perdamaian, dan untuk menjaga aliran bantuan kemanusiaan bagi warga sipil yang menghadapi situasi bencana. Abdelatty mengatakan upaya internasional harus diselaraskan untuk memastikan implementasi resolusi Dewan Keamanan PBB terbaru tentang Gaza, mendukung gencatan senjata yang ditetapkan berdasarkan perjanjian damai Sharm el-Sheikh, dan berkontribusi pada keamanan dan stabilitas regional. Ia juga menyampaikan harapan Mesir agar Inggris berpartisipasi dalam konferensi internasional tentang rekonstruksi dan pemulihan dini di Gaza, yang akan diselenggarakan Mesir. Ia mencatat partisipasi internasional yang luas akan menjadi langkah penting dalam mendukung rakyat Palestina dan meringankan penderitaan mereka. Baca juga: Trump Berubah Pikiran: Mamdani Bisa Lakukan Pekerjaan yang Sangat Baik (sya)"
Menlu Palestina dan Netanyahu Respons Baik Resolusi Dewan Keamanan PBB untuk Gaza,https://international.sindonews.com/read/1645635/43/menlu-palestina-dan-netanyahu-respons-baik-resolusi-dewan-keamanan-pbb-untuk-gaza-1763464278,https://pict.sindonews.net/webp/732/pena/news/2025/11/18/43/1645635/menlu-palestina-dan-netanyahu-respons-baik-resolusi-dewan-keamanan-pbb-untuk-gaza-wyd.webp,Syarifudin,"Selasa, 18 November 2025 - 18:32 WIB","TEL AVIV - Menteri Luar Negeri Otoritas Palestina Varsen Aghabekian Shahin menyatakan resolusi yang didukung Perserikatan Bangsa-Bangsa (PBB) untuk Gaza merupakan ""langkah pertama"" menuju perdamaian. Berbicara di Manila, Varsen Aghabekian Shahin menyambut baik adopsi proposal rancangan Amerika Serikat (AS) oleh Dewan Keamanan PBB, yang mendukung rencana pascaperang Presiden Donald Trump untuk wilayah kantong tersebut. ""Resolusi PBB adalah langkah pertama dalam perjalanan panjang menuju perdamaian. Langkah itu diperlukan karena kita tidak dapat memulai apa pun sebelum gencatan senjata,"" ungkap kantor berita Reuters mengutip Shahin. Komentarnya menyusul pujian Otoritas Palestina atas pengesahan resolusi AS tersebut. Shahin mencatat rencana Trump belum merinci isu-isu seperti jalur menuju negara Palestina, tetapi mengisyaratkan hal tersebut akan dibahas lebih rinci nanti."
Warga Palestina Menderita Akibat Hujan Deras Banjiri Kamp-kamp Tenda di Gaza,https://international.sindonews.com/read/1644419/43/warga-palestina-menderita-akibat-hujan-deras-banjiri-kamp-kamp-tenda-di-gaza-1763169113,https://pict.sindonews.net/webp/732/pena/news/2025/11/15/43/1644419/warga-palestina-menderita-akibat-hujan-deras-banjiri-kampkamp-tenda-di-gaza-qss.webp,Syarifudin,"Sabtu, 15 November 2025 - 08:18 WIB","GAZA - Warga-warga Palestina yang terlantar terguncang setelah hujan deras membanjiri tenda-tenda mereka di kamp-kamp pengungsian sementara di Kota Gaza. Selain itu, Perserikatan Bangsa-Bangsa (PBB) memperingatkan pembatasan bantuan oleh Israel menyebabkan ratusan ribu keluarga kehilangan tempat tinggal yang layak. Abdulrahman Asaliyah, seorang pria Palestina yang terlantar, mengatakan kepada Al Jazeera pada hari Jumat (14/11/2025) bahwa kasur, pakaian, dan barang-barang milik penduduk lainnya basah kuyup oleh banjir. “Kami meminta bantuan, untuk tenda-tenda baru yang setidaknya dapat melindungi orang-orang dari dinginnya musim dingin,” ujar dia. Dia menjelaskan hampir dua lusin orang telah bekerja berjam-jam untuk mengalirkan air dari daerah tersebut. “Hujan musim dingin ini adalah berkah dari Tuhan, tetapi ada keluarga yang tidak lagi menginginkannya turun, karena khawatir akan nyawa anak-anak mereka dan kelangsungan hidup mereka sendiri,” papar Asaliyah. Badan pertahanan sipil Gaza mengatakan banjir hari Jumat terutama berdampak pada warga Palestina di utara Jalur Gaza, tempat ratusan ribu orang telah kembali setelah perjanjian gencatan senjata bulan lalu antara Israel dan Hamas. Banjir juga dilaporkan terjadi di Deir el-Balah, Gaza tengah, menurut badan penyelamat tersebut, yang mendesak masyarakat internasional berbuat lebih banyak guna ""menangani penderitaan"" warga Palestina yang rumahnya hancur dalam perang dua tahun Israel di wilayah kantong tersebut."
"AS Desak Dewan Keamanan PBB Dukung Rencana Perdamaian Gaza, Rusia Tawarkan Teks Tandingan",https://international.sindonews.com/read/1644241/42/as-desak-dewan-keamanan-pbb-dukung-rencana-perdamaian-gaza-rusia-tawarkan-teks-tandingan-1763115088,https://pict.sindonews.net/webp/732/pena/news/2025/11/14/42/1644241/as-desak-dewan-keamanan-pbb-dukung-rencana-perdamaian-gaza-rusia-tawarkan-teks-tandingan-hra.webp,Syarifudin,"Jum'at, 14 November 2025 - 17:17 WIB","NEW YORK - Amerika Serikat (AS) mendesak Dewan Keamanan Perserikatan Bangsa-Bangsa (DK PBB) untuk secara resmi mendukung rancangan resolusinya yang bertujuan memperkuat rencana perdamaian Gaza Presiden Donald Trump. AS memperingatkan Palestina dapat menanggung ""konsekuensi serius"" jika tidak melakukannya. Seruan tersebut muncul ketika Rusia mengajukan ""proposal balasan""-nya sendiri terkait Gaza kepada Dewan Keamanan, yang menantang rancangan Washington, menurut salinan yang dilihat kantor berita Reuters. Seorang juru bicara misi AS untuk PBB mengatakan pada hari Kamis (13/11/2025) bahwa ""upaya untuk menimbulkan perpecahan"" seputar resolusi Washington hanya akan mengakibatkan ""konsekuensi yang serius, nyata, dan sepenuhnya dapat dihindari"" bagi warga Palestina di Gaza jika gencatan senjata gagal dan Israel melanjutkan serangannya. Misi AS secara resmi mengedarkan rancangan resolusinya kepada 15 anggota DK PBB pekan lalu untuk dinegosiasikan mengenai kata-kata dan substansi teks. Menurut draf teks yang dilihat kantor berita AFP, draf tersebut akan mengesahkan mandat dua tahun yang berlaku hingga akhir 2027 bagi badan pemerintahan transisi di Gaza yang dikenal sebagai ""Dewan Perdamaian"" yang akan diketuai Trump. Draf tersebut juga akan mengizinkan negara-negara anggota untuk membentuk ""Pasukan Stabilisasi Internasional (ISF) sementara"" yang akan bekerja pada ""penonaktifan permanen senjata dari kelompok bersenjata non-negara"" di Gaza, melindungi warga sipil, dan mengamankan koridor bantuan kemanusiaan. ISF juga akan bekerja sama dengan Israel, Mesir, dan polisi Palestina yang baru dilatih untuk membantu mengamankan wilayah perbatasan dan mendemiliterisasi wilayah kantong tersebut."
"4 Motif AS Bangun Pangkalan Militer di dekat Gaza, Salah Satunya Persiapan untuk Pasukan Stabilisasi",https://international.sindonews.com/read/1643437/43/4-motif-as-bangun-pangkalan-militer-di-dekat-gaza-salah-satunya-persiapan-untuk-pasukan-stabilisasi-1762942289,https://pict.sindonews.net/webp/732/pena/news/2025/11/12/43/1643437/4-motif-as-bangun-pangkalan-militer-di-dekat-gaza-salah-satunya-persiapan-untuk-pasukan-stabilisasi-eva.webp,Andika Hendra Mustaqim,"Kamis, 13 November 2025 - 05:05 WIB","GAZA - Militer Amerika Serikat (AS) sedang menjajaki kemungkinan membangun pangkalan sementara yang mampu menampung 10.000 orang di dekat Jalur Gaza. Itu sebagai bagian dari upayanya untuk mendapatkan pasukan stabilisasi dari negara lain guna memantau gencatan senjata antara Israel dan Hamas. Angkatan Laut sedang mencari perkiraan biaya dari daftar perusahaan yang telah memenuhi syarat untuk ""pangkalan operasi militer sementara dan mandiri yang mampu mendukung 10.000 personel dan menyediakan ruang kantor seluas 9.000 kaki persegi selama 12 bulan."" Itu berdasarkan Permintaan Informasi yang dikirimkan kepada kontraktor yang memenuhi syarat dan telah dilihat oleh Bloomberg News. Permintaan Informasi mengidentifikasi lokasi potensial sebagai ""dekat Gaza, Israel."" Permintaan tersebut dikirim pada 31 Oktober, menurut dua orang yang mengetahui masalah ini yang meminta untuk tidak disebutkan namanya karena sedang mendiskusikan pertimbangan pribadi. Tanggapan diharapkan pada 3 November. 4 Motif AS Bangun Pangkalan Militer di dekat Gaza, Salah Satunya Persiapan untuk Pasukan Stabilisasi 1. Pangkalan Digunakan Pasukan Stabilisasi Gaza dari Negara Lain AS telah mencari dukungan internasional untuk proposal pengiriman pasukan asing ke Gaza guna membantu mengamankan gencatan senjata yang rapuh antara Israel dan Hamas yang ditandatangani bulan lalu. Pasukan tersebut, yang dijuluki Pasukan Stabilisasi Internasional, atau ISF, akan bekerja sama dengan Israel dan Mesir untuk mengamankan wilayah tersebut dan memungkinkan upaya pembangunan kembali setelah lebih dari dua tahun perang antara Israel dan Hamas. “Sebagai organisasi perencanaan, militer AS saat ini sedang bekerja sama dengan mitra militer internasional untuk mengembangkan opsi potensial untuk pangkalan pasukan internasional” yang akan menjadi bagian dari pasukan tersebut, menurut juru bicara Komando Pusat AS, Tim Hawkins. “Yang jelas, tidak ada pasukan AS yang akan dikerahkan ke Gaza.” Seorang pejabat AS, yang juga meminta untuk tidak disebutkan namanya saat membahas masalah ini, mengatakan permintaan tersebut merupakan langkah awal perencanaan untuk pangkalan potensial di Israel selatan bagi pasukan stabilisasi."
DK PBB Adopsi Resolusi Pengerahan Pasukan Internasional ke Gaza,https://international.sindonews.com/read/1645373/42/dk-pbb-adopsi-resolusi-pengerahan-pasukan-internasional-ke-gaza-1763424695,https://pict.sindonews.net/dyn/732/pena/news/2025/11/18/42/1645373/dk-pbb-adopsi-resolusi-pengerahan-pasukan-internasional-ke-gaza-ndh.jpg,Muhaimin,"Selasa, 18 November 2025 - 07:12 WIB","NEW YORK - Dewan Keamanan (DK) PBB pada hari Senin menyetujui resolusi rancangan Amerika Serikat (AS) yang memperkuat rencana perdamaian Gaza usulan Presiden Donald Trump. Resolusi rencana perdamaian itu mencakup pengerahan pasukan internasional ke Gaza dan jalan menuju pendirian Negara Palestina di masa depan. Terdapat 13 suara yang mendukung rancangan tersebut, yang dipuji Washington setelah pemungutan suara sebagai ""bersejarah dan konstruktif"". Hanya Rusia dan China yang abstain, tetapi tanpa veto. Duta Besar AS untuk PBB Mike Waltz mengatakan setelah pemungutan suara, ""Resolusi hari ini merupakan langkah penting lainnya yang akan memungkinkan Gaza untuk makmur dan menciptakan lingkungan yang memungkinkan Israel hidup dengan aman."" Baca Juga: Pejuang Palestina Tolak Kehadiran Pasukan Internasional di Gaza Rancangan tersebut, yang telah direvisi beberapa kali sebagai hasil dari negosiasi berisiko tinggi, mendukung rencana Trump, yang memungkinkan gencatan senjata rapuh antara Israel dan Hamas untuk dilaksanakan pada 10 Oktober di wilayah kantong Palestina yang dilanda perang. Jalur Gaza sebagian besar telah hancur menjadi puing-puing setelah dua tahun pertempuran, yang dipicu oleh serangan Hamas terhadap Israel pada 7 Oktober 2023. Rencana perdamaian tersebut mengesahkan pembentukan Pasukan Stabilisasi Internasional (ISF) yang akan bekerja sama dengan Israel dan Mesir serta polisi Palestina yang baru dilatih untuk membantu mengamankan wilayah perbatasan dan mendemiliterisasi Jalur Gaza."
Turki Desak Jaminan Gencatan Senjata Berkelanjutan dari Pasukan Stabilisasi Internasional di Gaza,https://international.sindonews.com/read/1643833/43/turki-desak-jaminan-gencatan-senjata-berkelanjutan-dari-pasukan-stabilisasi-internasional-di-gaza-1763032286,https://pict.sindonews.net/webp/732/pena/news/2025/11/13/43/1643833/turki-desak-jaminan-gencatan-senjata-berkelanjutan-dari-pasukan-stabilisasi-internasional-di-gaza-uua.webp,Syarifudin,"Kamis, 13 November 2025 - 18:20 WIB","ANKARA - Ekspektasi utama Turki dari rencana pembentukan pasukan stabilisasi internasional (ISF) di Gaza adalah jaminan bahwa gencatan senjata yang rapuh ini akan bertahan. Kementerian Pertahanan Turki menegaskan hal itu pada Kamis (13/11/2025). Anggota NATO tersebut merupakan salah satu kritikus paling vokal terhadap perang Israel di Gaza, menyebutnya sebagai genosida. Turki telah muncul sebagai pemain penting dan mediator dalam upaya gencatan senjata, menyuarakan keinginan bergabung dengan ISF meskipun Israel berulang kali menolak. Dalam pengarahan di Ankara, Kementerian Pertahanan juga mengatakan Turki meyakini Pusat Koordinasi Sipil-Militer yang dipimpin AS harus memastikan pengiriman bantuan kemanusiaan tanpa hambatan ke Gaza sesuai dengan hukum internasional. Pembentukan ISF termasuk dalam rencana gencatan senjata Trump, yang menugaskannya untuk menjaga keamanan di Gaza."
"AS akan Bangun Pangkalan Militer Senilai Rp8,4 Triliun di Dekat Perbatasan Gaza",https://international.sindonews.com/read/1643271/43/as-akan-bangun-pangkalan-militer-senilai-rp84-triliun-di-dekat-perbatasan-gaza-1762920706,https://pict.sindonews.net/webp/732/pena/news/2025/11/12/43/1643271/as-akan-bangun-pangkalan-militer-senilai-rp84-triliun-di-dekat-perbatasan-gaza-sep.webp,Syarifudin,"Rabu, 12 November 2025 - 12:00 WIB","TEL AVIV - Amerika Serikat (AS) berencana membangun pangkalan militer senilai USD500 juta (Rp8,4 triliun) di Israel di dekat perbatasan Gaza untuk mengawasi implementasi perjanjian gencatan senjata di wilayah kantong Palestina tersebut. Rencana itu diungkap media Israel, Selasa (11/11/2025). Harian Yedioth Ahronoth, mengutip pejabat Israel yang tidak disebutkan namanya, mengatakan Washington berupaya membangun pangkalan militer besar di wilayah perbatasan Gaza, yang akan menandai ""eskalasi signifikan aktivitas AS di Israel."" “Pangkalan tersebut akan menampung satuan tugas internasional, yang disepakati akan dibentuk berdasarkan perjanjian gencatan senjata Gaza untuk memantau implementasi gencatan senjata di wilayah kantong tersebut,” ungkap sumber tersebut. “Beberapa ribu tentara AS akan ditempatkan di pangkalan tersebut,” papar mereka. Menurut surat kabar tersebut, “Proyek tersebut akan menjadi instalasi militer Amerika berskala besar pertama di wilayah Israel, yang menggarisbawahi komitmen AS yang semakin dalam terhadap upaya stabilisasi pascaperang di Gaza."" “Selama dua tahun perang genosida Tel Aviv di Gaza, AS memasang sistem pertahanan rudal THAAD, yang digunakan untuk mencegat rudal dan drone Iran selama konflik 12 hari dengan Israel,” ungkap laporan itu."
"25 Negara Pasok Minyak ke Israel Selama Perang Gaza, Siapa Saja?",https://international.sindonews.com/read/1644253/43/25-negara-pasok-minyak-ke-israel-selama-perang-gaza-siapa-saja-1763115110,https://pict.sindonews.net/webp/732/pena/news/2025/11/14/43/1644253/25-negara-pasok-minyak-ke-israel-selama-perang-gaza-siapa-saja-kxb.webp,Syarifudin,"Jum'at, 14 November 2025 - 18:37 WIB","TEL AVIV - Laporan baru yang dirilis pada hari Kamis (13/11/2025) oleh organisasi non-pemerintah Oil Change International menyatakan 25 negara memasok minyak ke Israel selama perang di Jalur Gaza. Organisasi tersebut mengecam apa yang mereka sebut sebagai sistem bahan bakar fosil yang memicu ""genosida"" dan memperburuk krisis iklim. Dipublikasikan di sela-sela KTT COP30 di Brasil, laporan tersebut menyatakan Azerbaijan dan Kazakhstan memasok 70% pengiriman minyak mentah antara November 2023 dan Oktober 2025. Rusia, Yunani, dan Amerika Serikat (AS) menduduki puncak daftar negara pengekspor produk minyak bumi olahan ke Israel. Amerika Serikat juga merupakan satu-satunya negara yang memasok JP-8 ke Tel Aviv, sejenis bahan bakar yang digunakan untuk pesawat militer."
Pejuang Palestina Tolak Kehadiran Pasukan Internasional di Gaza,https://international.sindonews.com/read/1645121/43/pejuang-palestina-tolak-kehadiran-pasukan-internasional-di-gaza-1763363497,https://pict.sindonews.net/webp/732/pena/news/2025/11/17/43/1645121/pejuang-palestina-tolak-kehadiran-pasukan-internasional-di-gaza-tcv.webp,Andika Hendra Mustaqim,"Senin, 17 November 2025 - 16:15 WIB","GAZA - Faksi-faksi perlawanan Palestina memperingatkan bahwa rencana resolusi AS untuk mengerahkan pasukan internasional di Gaza merupakan upaya untuk memaksa perwalian asing atas wilayah tersebut dan menunda pengambilan keputusan Palestina. Dalam pernyataan bersama, faksi-faksi tersebut mengatakan mandat yang diusulkan akan membuka jalan bagi ""dominasi eksternal atas keputusan nasional Palestina,"" yang akan mengarahkan administrasi dan rekonstruksi Gaza ke badan supranasional dengan otoritas luas - sebuah langkah yang mereka yakini akan merampas hak Palestina untuk mengatur urusan mereka sendiri. Melansir Anadolu, kelompok-kelompok tersebut menekankan bahwa setiap upaya kemanusiaan harus dikelola melalui ""lembaga-lembaga Palestina yang kompeten"" di bawah pengawasan PBB, berdasarkan penghormatan terhadap kedaulatan Palestina dan kebutuhan penduduk, serta bebas dari upaya penggunaan bantuan sebagai alat politik atau keamanan untuk membentuk kembali realitas internal Gaza. Mereka mengumumkan bahwa menyediakan bantuan kemanusiaan melalui mekanisme yang dijalankan asing akan mengubah bantuan menjadi alat tekanan, termasuk lembaga-lembaga Palestina, dan mengumpulkan badan PBB untuk pengungsi Palestina (UNRWA), yang menyatakan menurut mereka ""harus dilindungi sebagai saksi internasional atas isu pengungsi dan hak-hak mereka yang tidak dapat dicabut."" Faksi-faksi tersebut menolak klausul apa pun yang melibatkan perlunya penggunaan senjata di Gaza atau pelanggaran apa pun terhadap hak rakyat Palestina yang diakui secara internasional untuk melawan pendudukan Israel."
5 Alasan Israel Gunakan Organisasi Bayangan untuk Memaksa Warga Palestina Keluar dari Gaza,https://international.sindonews.com/read/1645127/43/5-alasan-israel-gunakan-organisasi-bayangan-untuk-memaksa-warga-palestina-keluar-dari-gaza-1763367068,https://pict.sindonews.net/webp/732/pena/news/2025/11/17/43/1645127/5-alasan-israel-gunakan-organisasi-bayangan-untuk-memaksa-warga-palestina-keluar-dari-gaza-uof.webp,Andika Hendra Mustaqim,"Selasa, 18 November 2025 - 12:50 WIB","GAZA - Aktivis Afrika Selatan mengatakan Israel menggunakan kelompok kemanusiaan bayangan untuk memaksa warga Palestina keluar dari Jalur Gaza yang terkepung, dalam bentuk pembersihan etnis terbaru yang terjadi sejak Oktober 2023. Media yang mengutip sumber melaporkan pada hari Minggu bahwa sebuah pesawat yang membawa 153 warga Palestina dari wilayah Palestina yang diblokade mendarat di Bandara Internasional OR Tambo Afrika Selatan pada 13 November. Namun, pesawat tersebut tertahan di landasan selama sekitar 12 jam, dan penumpang tidak dapat turun. Hal ini memicu kebingungan dan kemarahan terhadap otoritas setempat. 5 Alasan Israel Gunakan Organisasi Bayangan untuk Memaksa Warga Palestina Keluar dari Gaza 1. Boarding Pass Bertujuan Beragam Negara dari Indonesia hingga Malaysia Namun, dalam beberapa jam, para aktivis dan otoritas Afrika Selatan menemukan beberapa kejanggalan dalam cara perjalanan warga Palestina yang diatur oleh sebuah kelompok bernama Al-Majd Europe. Melansir Press TV, para aktivis lebih lanjut menemukan bahwa para pengungsi tidak memiliki dokumentasi atau dokumen apa pun untuk membantu proses mereka di negara tersebut. Warga Palestina juga tidak memiliki stempel atau slip keluar yang biasanya dikeluarkan oleh otoritas Israel kepada orang-orang yang meninggalkan Gaza. Yang lebih mengejutkan adalah beberapa warga Palestina mengatakan bahwa mereka memulai perjalanan tanpa sepenuhnya mengetahui ke mana mereka akan pergi. Para aktivis mengatakan bahwa boarding pass penumpang menunjukkan berbagai tujuan, dari India hingga Malaysia dan Indonesia. 2. Mengeksploitasi Keputusasaan Warga Palestina Na'eem Jeenah, seorang aktivis dan cendekiawan kawakan yang berbasis di Johannesburg, mengatakan kepada Middle East Eye bahwa perkembangan ini menunjukkan bahwa Israel mengeksploitasi keputusasaan warga Palestina untuk diam-diam memajukan kebijakan pemindahan paksa warga Palestina bersama kelompok tersebut, yang bertindak sebagai perantara untuk pemindahan mereka. ""Jelas bagi kami bahwa Al-Majd adalah kedok bagi entitas Israel dan intelijen Israel, dan merupakan proyek untuk membantu pembersihan etnis di Gaza,"" kata Jeenah."
"4 Tantangan Masa Depan Kota Gaza Pascaperang, dari 700.000 Ton Sampah hingga Kelaparan",https://international.sindonews.com/read/1644555/43/4-tantangan-masa-depan-kota-gaza-pascaperang-dari-700000-ton-sampah-hingga-kelaparan-1763201492,https://pict.sindonews.net/webp/732/pena/news/2025/11/15/43/1644555/4-tantangan-masa-depan-kota-gaza-pascaperang-dari-700000-ton-sampah-hingga-kelaparan-ben.webp,Andika Hendra Mustaqim,"Sabtu, 15 November 2025 - 21:50 WIB","GAZA - Kota Gaza menghadapi serangkaian tantangan mengenai masa depannya. Itu berkaitan dengan pembangunan infrastruktur pascaperang dengan Israel. 4 Tantangan Masa Depan Kota Gaza Pascaperang, dari 700.000 Ton Sampah hingga Kelaparan 1. 700.000 Ton Sampah Melansir Anadolu , Serikat Kota Jalur Gaza memperingatkan konsekuensi dari 700.000 ton sampah yang menumpuk di tempat pembuangan sampah sembarangan, karena kota-kota tersebut tidak dapat menyediakan layanan penting, bahkan yang paling minimal, akibat kekurangan bahan bakar dan peralatan yang parah. Alaa Al-Batta, wakil ketua serikat pekerja, mengatakan kepada Anadolu bahwa pemerintah kota menghadapi ""persamaan yang mustahil"" akibat kerusakan infrastruktur yang masif, kekurangan bahan bakar, dan kerusakan mesin serta peralatan selama genosida Israel terhadap warga Palestina. Ia mengatakan faktor-faktor gabungan ini telah membuat pemerintah kota tidak mampu menyediakan layanan dasar bagi penduduk dan pengungsi, meskipun perjanjian gencatan senjata antara Israel dan Hamas telah berlalu sebulan, tanpa perbaikan yang nyata. Pejabat Palestina tersebut memperingatkan akan adanya bencana kesehatan dan lingkungan yang mengancam di tengah penumpukan sampah besar-besaran di Gaza. Ia mengatakan sekitar 700.000 ton sampah menumpuk di wilayah utara dan selatan Jalur Gaza, karena Israel mencegah akses ke tempat pembuangan sampah pusat yang terletak di zona perbatasan yang dikuasainya berdasarkan gencatan senjata di sebelah timur yang disebut ""garis kuning"". Ia mencatat bahwa penumpukan sampah juga telah menyebabkan penyebaran nyamuk dan hewan pengerat serta pencemaran air tanah. 2. Kekurangan Bahan Bakar Al-Batta menggambarkan kekurangan bahan bakar di Gaza, terutama bagi kota-kota, sebagai ""krisis paling berbahaya dan mendesak"" saat ini. Ia mengatakan kota-kota terpaksa meminjam bahan bakar, dan ketika tidak bisa, mereka harus mengurangi operasional harian karena tidak dapat mengoperasikan kendaraan dan fasilitas layanan. Ia menyerukan tindakan segera dari Arab dan internasional untuk memasok bahan bakar yang dibutuhkan kota-kota untuk mempertahankan layanan penting."
Pejabat Mesir: Rencana Trump Pisahkan Pemerintahan Gaza dari Pasukan Stabilitas Internasional,https://international.sindonews.com/read/1641189/43/pejabat-mesir-rencana-trump-pisahkan-pemerintahan-gaza-dari-pasukan-stabilitas-internasional-1762431082,https://pict.sindonews.net/webp/732/pena/news/2025/11/06/43/1641189/pejabat-mesir-rencana-trump-pisahkan-pemerintahan-gaza-dari-pasukan-stabilitas-internasional-vyt.webp,Syarifudin,"Kamis, 06 November 2025 - 21:15 WIB","KAIRO - Kepala Dinas Informasi Negara Mesir, Diaa Rashwan, mengatakan rencana yang diusulkan Presiden Amerika Serikat (AS) Donald Trump terkait Jalur Gaza memisahkan pemerintah Gaza dari pasukan stabilitas internasional. Dia menambahkan rakyat Palestina tidak akan menerima pasukan keamanan asing untuk mengelola Gaza. Dalam wawancara yang disiarkan televisi, Rashwan menjelaskan pasukan stabilitas yang diusulkan di Gaza akan menjadi unit militer yang bertanggung jawab untuk memisahkan Israel dan Gaza selama penarikan pasukan Israel dan untuk mengamankan wilayah di sekitar Jalur Gaza dari dalam Gaza. Ia mengklarifikasi pasukan tersebut akan disebut ""pasukan stabilitas"", bukan ""pasukan administrasi Gaza"". Ketentuan lain dalam rencana tersebut, tambahnya, mencakup dewan perdamaian yang mengawasi satu komite yang akan mengelola Jalur Gaza. Rashwan menekankan, ""Mencampuradukkan kedua peran ini – misi militer dan administrasi Gaza – adalah menyesatkan."" Ia mencatat kebocoran yang menunjukkan pasukan tersebut akan mengambil tanggung jawab seperti mengelola keamanan Gaza atau melucuti senjata kelompok bersenjata, sebagaimana disebutkan dalam rancangan resolusi AS yang saat ini sedang dibahas di Dewan Keamanan PBB, tidak dimaksudkan untuk disetujui, melainkan untuk mendorong diskusi. Ia menunjukkan Israel menetapkan persyaratan seolah-olah telah memenangkan perang di Gaza, sementara pemerintahan Trump tidak berniat menerima semua tuntutan ini."
WHO Ungkap Lebih dari 16.500 Orang di Gaza Butuh Perawatan Medis Mendesak,https://international.sindonews.com/read/1641627/43/who-ungkap-lebih-dari-16500-orang-di-gaza-butuh-perawatan-medis-mendesak-1762521077,https://pict.sindonews.net/webp/732/pena/news/2025/11/07/43/1641627/who-ungkap-lebih-dari-16500-orang-di-gaza-butuh-perawatan-medis-mendesak-uua.webp,Syarifudin,"Jum'at, 07 November 2025 - 21:35 WIB","JALUR GAZA - Direktur Jenderal Organisasi Kesehatan Dunia (WHO) Tedros Adhanom Ghebreyesus mengatakan lebih dari 16.500 orang di Gaza sangat membutuhkan perawatan medis. Dalam unggahan di X, Ghebreyesus membagikan informasi tentang evakuasi medis yang dilakukan dari Gaza. Ia mencatat WHO telah mengevakuasi 19 pasien kritis dan 93 pendamping dari Gaza ke Italia untuk perawatan medis, dan menyampaikan rasa terima kasihnya kepada pemerintah Italia atas solidaritas dan dukungannya. “Kami mendesak lebih banyak negara untuk menerima pasien dari Gaza, karena lebih dari 16.500 orang masih membutuhkan perawatan medis mendesak yang tidak tersedia di Jalur Gaza,” ujarnya. Ia juga menyerukan agar semua rute evakuasi—terutama yang dari Tepi Barat, termasuk Yerusalem Timur—dibuka untuk memfasilitasi pemindahan pasien yang membutuhkan. Sementara itu, Pusat Pertahanan Tahanan Palestina menuduh otoritas Israel melakukan serangkaian pelanggaran berat terhadap ribuan narapidana Palestina menyusul kesepakatan pertukaran narapidana baru-baru ini."
Berapa Kali Israel Melanggar Gencatan Senjata Gaza?,https://international.sindonews.com/read/1642997/43/berapa-kali-israel-melanggar-gencatan-senjata-gaza-1762855896,https://pict.sindonews.net/webp/732/pena/news/2025/11/11/43/1642997/berapa-kali-israel-melanggar-gencatan-senjata-gaza-akk.webp,Syarifudin,"Selasa, 11 November 2025 - 17:17 WIB","JALUR GAZA - Satu bulan setelah deklarasi gencatan senjata di Jalur Gaza, Israel telah melanggar perjanjian tersebut dengan serangan hampir setiap hari, menewaskan ratusan orang. Israel melanggar perjanjian gencatan senjata setidaknya 282 kali dari 10 Oktober hingga 10 November, melalui serangan udara, artileri, dan penembakan langsung yang berkelanjutan, menurut Kantor Media Pemerintah di Gaza. Kantor tersebut mengatakan Israel menembaki warga sipil 88 kali, menyerbu daerah permukiman di luar ""garis kuning"" 12 kali, mengebom Gaza 124 kali, dan menghancurkan properti warga sebanyak 52 kali. Israel juga menahan 23 warga Palestina dari Gaza selama sebulan terakhir. Israel juga terus memblokir bantuan kemanusiaan vital dan menghancurkan rumah serta infrastruktur di seluruh Jalur Gaza. Al Jazeera melacak pelanggaran gencatan senjata hingga saat ini. Apa Saja Ketentuan Gencatan Senjata? Pada 29 September, Amerika Serikat meluncurkan proposal 20 poin, tanpa campur tangan Palestina, untuk mengakhiri perang Israel di Gaza, membebaskan tawanan yang tersisa di wilayah kantong tersebut, mengizinkan masuknya bantuan kemanusiaan secara penuh ke wilayah yang terkepung, dan menguraikan penarikan pasukan Israel dalam tiga tahap. Beberapa syarat utama tahap pertama, yang masih berlangsung, meliputi: Mengakhiri permusuhan di Gaza oleh Israel dan Hamas; Mencabut blokade semua bantuan ke Gaza oleh Israel dan menghentikan campur tangannya dalam distribusi bantuan; Pembebasan semua tawanan yang ditahan di Gaza – hidup atau mati – oleh Hamas; Pembebasan sekitar 2.000 tahanan Palestina dan orang hilang dari penjara Israel; Penarikan pasukan Israel ke ""garis kuning"". Setelah mediasi oleh mitra-mitra termasuk Mesir, Qatar, dan Turki, perwakilan dari sekitar 30 negara berkumpul pada 13 Oktober untuk menghadiri upacara penandatanganan perjanjian gencatan senjata Gaza, yang dipimpin Presiden Amerika Serikat (AS) Donald Trump. Namun, Israel dan Hamas secara mencolok tidak hadir, sehingga menimbulkan keraguan tentang kemampuan KTT untuk mencapai kemajuan nyata dalam mengakhiri perang dan menyelesaikan isu-isu inti pendudukan Israel dan pengepungan Gaza selama 18 tahun. Israel telah berjanji untuk tidak mengizinkan berdirinya negara Palestina, dan AS telah melanjutkan transfer senjata skala besar dan dukungan diplomatiknya kepada Israel selama perang genosida di Gaza, sementara hanya memberikan pernyataan samar tentang masa depan Gaza. Israel Menyerang Gaza Hampir Setiap Hari Menurut analisis Al Jazeera, Israel telah menyerang Gaza pada 25 dari 31 hari terakhir gencatan senjata, yang berarti hanya ada enam hari di mana tidak ada serangan kekerasan, kematian, atau cedera yang dilaporkan."
"Tanya Tanggung Jawab Israel dalam Rekonstruksi Gaza, Jurnalis Kantor Berita Italia Dipecat",https://international.sindonews.com/read/1642179/41/tanya-tanggung-jawab-israel-dalam-rekonstruksi-gaza-jurnalis-kantor-berita-italia-dipecat-1762675888,https://pict.sindonews.net/webp/732/pena/news/2025/11/09/41/1642179/tanya-tanggung-jawab-israel-dalam-rekonstruksi-gaza-jurnalis-kantor-berita-italia-dipecat-bpe.webp,Andika Hendra Mustaqim,"Minggu, 09 November 2025 - 16:15 WIB","LONDON - Komisi Eropa menyatakan bahwa tidak ada kontak yang dilakukan terkait pemecatan seorang jurnalis Italia yang mempertanyakan tanggung jawab Israel dalam membangun kembali Gaza. Mereka menekankan bahwa Komisi Eropa tetap berkomitmen penuh pada kebebasan pers. ""Saya dapat dengan tegas mengonfirmasi bahwa tidak ada kontak yang dilakukan antara siapa pun di Komisi Eropa dan media yang bersangkutan,"" kata juru bicara komisi Olof Gill, dilansir Anadolu. Gill menekankan bahwa komisi ""menjawab setiap pertanyaan"" yang diajukan di ruang pers dan bahwa prinsip ini ""selalu berlaku dan akan selalu berlaku."" ""Kami tidak dapat mengomentari kasus tertentu. Yang bisa saya lakukan hanyalah menegaskan kembali komitmen kami sebagai Komisi Eropa terhadap kebebasan pers,"" tambahnya. Pernyataannya muncul setelah laporan bahwa Gabriele Nunziati, koresponden Brussels untuk kantor berita Italia Nova, dipecat beberapa minggu setelah menanyakan apakah Israel harus membiayai rekonstruksi Gaza—pertanyaan yang ia kaitkan dengan klaim berulang Uni Eropa bahwa Rusia harus mendanai pemulihan Ukraina pascaperang. Baca Juga: Siap Perang dengan Rusia, Negara NATO Ini Undang 149.000 Anak Muda Ikut Wajib Militer Pertanyaan Nunziati, yang diajukan dalam konferensi pers pada 13 Oktober, menjadi viral di dunia maya. Nova kemudian berargumen bahwa pertanyaan itu ""secara teknis tidak tepat"" dan mengatakan bahwa video tersebut telah ""memalukan"" bagi badan tersebut."
"Israel Masih Batasi Masuknya Bantuan ke Gaza, Tutup Akses Langsung ke Utara atau Selatan",https://international.sindonews.com/read/1641787/43/israel-masih-batasi-masuknya-bantuan-ke-gaza-tutup-akses-langsung-ke-utara-atau-selatan-1762575112,https://pict.sindonews.net/webp/732/pena/news/2025/11/08/43/1641787/israel-masih-batasi-masuknya-bantuan-ke-gaza-tutup-akses-langsung-ke-utara-atau-selatan-bnb.webp,Syarifudin,"Sabtu, 08 November 2025 - 12:14 WIB","GAZA - Perserikatan Bangsa-Bangsa (PBB) mengatakan masuknya bantuan ke Jalur Gaza masih sangat dibatasi oleh Israel meskipun ada gencatan senjata. PBB juga mengungkap hanya 13% lahan pertanian yang tidak rusak tetapi tidak dapat diakses. Mengutip Kantor Koordinasi Urusan Kemanusiaan (OCHA), juru bicara PBB Farhan Haq mengatakan dalam konferensi pers bahwa, ""Meskipun ada kemajuan signifikan dalam peningkatan skala kemanusiaan, kebutuhan mendesak masyarakat masih sangat besar, dengan hambatan yang belum diatasi dengan cukup cepat sejak gencatan senjata."" ""Hingga Senin ini, PBB dan mitra kami telah mengumpulkan lebih dari 37.000 metrik ton bantuan dari penyeberangan Gaza, sebagian besar berupa makanan,"" ujarnya. Dia mencatat, ""Masuknya masih dibatasi hanya pada dua penyeberangan tanpa akses langsung dari Israel ke Gaza utara atau dari Mesir ke Gaza selatan."" ""Ini belum termasuk barang-barang tertentu dan staf LSM yang tidak diizinkan masuk,"" ungkap dia."
"Profil Gabriele Nunziati, Jurnalis Italia yang Dipecat karena Tanya Tanggung Jawab Israel di Gaza",https://international.sindonews.com/read/1642561/41/profil-gabriele-nunziati-jurnalis-italia-yang-dipecat-karena-tanya-tanggung-jawab-israel-di-gaza-1762758674,https://pict.sindonews.net/webp/732/pena/news/2025/11/10/41/1642561/profil-gabriele-nunziati-jurnalis-italia-yang-dipecat-karena-tanya-tanggung-jawab-israel-di-gaza-xzr.webp,Muhaimin,"Senin, 10 November 2025 - 14:59 WIB","JAKARTA - Gabriele Nunziati adalah jurnalis asal Italia yang bekerja sebagai koresponden di Brussels untuk Agenzia Nova (sering disebut Nova ), sebuah kantor berita Italia yang berbasis di Roma dan menangani isu–isu internasional serta Eropa. Dia jadi sorotan dunia setelah dipecat gara-gara bertanya tentang tanggung jawab Israel dalam rekonstruksi Jalur Gaza, Palestina. Itu bermula dari konferensi pers di Komisi Eropa pada 13 Oktober 2025. Saat itu, dia bertanya kepada juru bicara Komisaris Eropa yakni Paula Pinho. ""Anda berulang kali mengatakan bahwa Rusia harus membiayai rekonstruksi Ukraina. Apakah Anda yakin Israel juga harus membiayai rekonstruksi Gaza karena mereka telah menghancurkan hampir seluruh Jalur Gaza dan infrastruktur sipilnya?"" tanya Nunziati. Baca Juga: Tanya Tanggung Jawab Israel dalam Rekonstruksi Gaza, Jurnalis Kantor Berita Italia Dipecat Jawaban yang diterima hanyalah: “Ini jelas merupakan pertanyaan yang menarik. Saya tidak akan memberikan komentar apa pun pada tahap ini.” Setelah video tentang pertanyaannya itu menjadi viral secara daring, Nunziati menerima panggilan telepon dari atasannya antara 15 hingga 23 Oktober. Puncaknya, Nunziati menerima surat pemutusan kerja (PHK) dari Nova pada 27 Oktober 2025. Profil Jurnalis Gabriele Nunziati Data pribadi Gabriele Nunziati tidak banyak yang diketahui. Dia hanya dikenal sebagai jurnalis asal Italia yang menjadi koresponden Brussels untuk kantor berita Agenzia Nova yang berbasis di Italia. Wilayah liputannya mencakup Uni Eropa. Kasus Nunziati memicu gelombang reaksi di Italia dan dunia internasional terkait kebebasan pers, independensi jurnalis, dan tekanan terhadap media yang menyinggung topik sensitif. International Federation of Journalists (IFJ) dan European Federation of Journalists (EFJ) menyerukan agar Nunziati dipekerjakan kembali dan mengutuk tindakan pemecatan sebagai pelanggaran kebebasan pers. Di Italia, asosiasi wartawan nasional menyatakan “Anda tidak bisa dipecat karena menanyakan sebuah pertanyaan"" dalam pernyataan publiknya."
Turki Bantu Bebaskan 200 Warga Sipil yang Terjebak di Terowongan Gaza,https://international.sindonews.com/read/1642653/43/turki-bantu-bebaskan-200-warga-sipil-yang-terjebak-di-terowongan-gaza-1762773080,https://pict.sindonews.net/webp/732/pena/news/2025/11/10/43/1642653/turki-bantu-bebaskan-200-warga-sipil-yang-terjebak-di-terowongan-gaza-oeg.webp,Andika Hendra Mustaqim,"Senin, 10 November 2025 - 20:40 WIB","GAZA - Turki berupaya memastikan keamanan sekitar 200 warga sipil yang terjebak di terowongan di Gaza. Itu dilakukan setelah memfasilitasi pemulangan seorang tentara Israel yang gugur di sana lebih dari satu dekade lalu. Kelompok pejuang Palestina Hamas sebelumnya mengatakan bahwa para pejuang yang bersembunyi di wilayah Rafah yang dikuasai Israel tidak akan menyerah kepada Israel dan mendesak para mediator untuk menemukan solusi atas krisis yang mengancam gencatan senjata yang telah berlangsung sebulan. Secara terpisah pada hari Minggu, Israel mengatakan telah menerima jenazah Hadar Goldin, seorang perwira militer yang tewas dalam penyergapan di Gaza selama perang Israel-Hamas tahun 2014, setelah penyerahan oleh Palang Merah. Turki, kata pejabat senior tersebut, ""berhasil memfasilitasi pengembalian jenazah Hadar Goldin ke Israel setelah 11 tahun"" setelah ""upaya intensif (yang mencerminkan) komitmen Hamas yang jelas terhadap gencatan senjata."" ""Pada saat yang sama, kami berupaya memastikan perjalanan yang aman bagi sekitar 200 warga sipil Gaza yang saat ini terjebak di dalam terowongan,"" kata pejabat itu kepada Reuters. Turki adalah penandatangan kesepakatan gencatan senjata Israel-Hamas bulan lalu, yang didukung oleh Presiden AS Donald Trump. Turki memiliki hubungan dekat dengan kelompok Palestina tersebut dan telah mengecam keras kampanye militer Israel di Gaza. Sebelumnya, para pejuang Hamas yang bersembunyi di wilayah Rafah yang dikuasai Israel di Gaza tidak akan menyerah kepada Israel. Hamas mendesak para mediator untuk menemukan solusi atas krisis yang mengancam gencatan senjata yang telah berlangsung sebulan."
Perundingan Berlangsung untuk Keluarkan 150 Pejuang Hamas dari Terowongan di Gaza Selatan,https://international.sindonews.com/read/1641613/43/perundingan-berlangsung-untuk-keluarkan-150-pejuang-hamas-dari-terowongan-di-gaza-selatan-1762517485,https://pict.sindonews.net/webp/732/pena/news/2025/11/07/43/1641613/perundingan-berlangsung-untuk-keluarkan-150-pejuang-hamas-dari-terowongan-di-gaza-selatan-tsj.webp,Syarifudin,"Jum'at, 07 November 2025 - 20:30 WIB","JALUR GAZA - Negosiasi sedang berlangsung untuk memungkinkan sekitar 150 pejuang Hamas yang terjebak di terowongan di Gaza selatan di belakang ""garis kuning"" Israel untuk menyerahkan senjata mereka dan berjalan bebas. Menjamin jalur aman bagi pejuang Hamas di wilayah yang dikuasai Israel merupakan isu serius yang dipandang sebagai risiko bagi gencatan senjata Gaza yang telah berlangsung sebulan, menurut laporan berita yang mengutip sumber anonim. “Para mediator Mesir telah mengusulkan agar, sebagai imbalan jalur aman, para pejuang yang masih berada di Rafah menyerahkan senjata mereka kepada Mesir dan memberikan detail terowongan di sana agar terowongan tersebut dapat dihancurkan,” ungkap seorang pejabat keamanan Mesir kepada kantor berita Reuters. Israel dan Hamas belum secara terbuka menerima proposal para mediator. Para menteri sayap kanan di pemerintahan Israel – termasuk Menteri Keuangan garis keras Bezalel Smotrich – dengan keras menentang kesepakatan apa pun, menurut Financial Times. Serangan Israel di Rafah berubah menjadi salah satu kekerasan terburuk sejak gencatan senjata diberlakukan pada 10 Oktober, menewaskan tiga tentara Israel, memicu serangan Israel lebih lanjut yang menewaskan hampir 150 warga Palestina."
Hamas Senang Turki Akan Tangkap PM Israel Benjamin Netanyahu atas Genosida Gaza,https://international.sindonews.com/read/1642041/43/hamas-senang-turki-akan-tangkap-pm-israel-benjamin-netanyahu-atas-genosida-gaza-1762643496,https://pict.sindonews.net/webp/732/pena/news/2025/11/09/43/1642041/hamas-senang-turki-akan-tangkap-pm-israel-benjamin-netanyahu-atas-genosida-gaza-gtb.webp,Muhaimin,"Minggu, 09 November 2025 - 06:03 WIB","GAZA - Kelompok perlawanan Palestina, Hamas, senang dan menyambut baik keputusan pengadilan Turki mengeluarkan surat perintah penangkapan untuk Perdana Menteri (PM) Israel Benjamin Netanyahu dan 36 pejabat Zionis lainnya atas tuduhan genosida di Jalur Gaza. Para pejabat Zionis itu juga dituduh melakukan kejahatan terhadap kemanusiaan atas perang mematikan Israel di Jalur Gaza. Surat perintah yang dikeluarkan oleh Kantor Kejaksaan Umum Istanbul menargetkan para pejabat senior Israel, termasuk Menteri Pertahanan Israel Katz, Menteri Keamanan Nasional Itamar Ben-Gvir, Panglima Militer Letnan Jenderal Eyal Zamir, Komandan Angkatan Laut Israel David Saar Salama. Baca Juga: Genosida, Turki Keluarkan Surat Perintah Penangkapan untuk Netanyahu dan 36 Pejabat Israel “Langkah terpuji ini mencerminkan posisi sejati rakyat dan kepemimpinan Turki dalam menegakkan keadilan, kemanusiaan, dan ikatan persaudaraan yang menyatukan mereka dengan rakyat Palestina kami yang tertindas, yang telah menghadapi dan terus menghadapi salah satu perang genosida paling brutal dalam sejarah modern di tangan para pemimpin pendudukan fasis,” kata Hamas dalam sebuah pernyataan. ""Hamas menyerukan kepada pemerintah dan badan peradilan dunia untuk mengeluarkan surat perintah hukum untuk mengejar para pemimpin pendudukan Zionis (Israel) di mana pun mereka berada, dan untuk membawa mereka ke pengadilan guna meminta pertanggungjawaban atas kejahatan mereka terhadap kemanusiaan,"" lanjut pernyataan Hamas, seperti dikutip dari Anadolu , Minggu (9/11/2025). Kantor Kejaksaan Umum Istanbul dalam sebuah pernyataan mengatakan Netanyahu dan 36 pejabat Israel lainnya dapat ditangkap jika berada di wilayah Turki. “Berdasarkan bukti yang diperoleh, telah ditetapkan bahwa pejabat negara Israel memikul tanggung jawab pidana atas tindakan sistematis kejahatan terhadap kemanusiaan dan genosida yang dilakukan di Gaza,” bunyi pernyataan tersebut."
Trump Berharap Pasukan Stabilisasi Internasional Segera Tiba di Gaza,https://international.sindonews.com/read/1641559/42/trump-berharap-pasukan-stabilisasi-internasional-segera-tiba-di-gaza-1762510311,https://pict.sindonews.net/webp/732/pena/news/2025/11/07/42/1641559/trump-berharap-pasukan-stabilisasi-internasional-segera-tiba-di-gaza-lcl.webp,Syarifudin,"Jum'at, 07 November 2025 - 18:01 WIB","WASHINGTON - Presiden Amerika Serikat (AS) Donald Trump berharap pasukan stabilisasi internasional yang dikoordinasi AS akan tiba di Gaza ""segera"" sebagai bagian dari rencana pascaperangnya untuk wilayah kantong tersebut. Gaza saat ini masih menderita krisis kemanusiaan di tengah pemboman Israel yang terus berlanjut. ""Ini akan segera terjadi. Dan Gaza berjalan dengan sangat baik,"" ujar presiden pada hari Kamis (6/11/2025). Dia menambahkan aliansi ""negara-negara yang sangat kuat"" telah mengajukan diri untuk campur tangan jika muncul masalah dengan kelompok bersenjata Palestina Hamas, yang belum mengonfirmasi akan melucuti senjatanya. Proyeksi presiden tersebut muncul ketika Dewan Keamanan Perserikatan Bangsa-Bangsa bersiap memulai negosiasi guna mengesahkan mandat dua tahun bagi badan pemerintahan transisi dan pasukan stabilisasi, yang seharusnya melindungi warga sipil, mengamankan wilayah perbatasan, dan melatih polisi Palestina. Sekretaris Jenderal Antonio Guterres mengatakan kepada Al Jazeera pada hari Selasa bahwa setiap pasukan stabilisasi harus memiliki ""legitimasi internasional penuh"" untuk mendukung warga Palestina di Gaza. Seorang pejabat senior pemerintah AS mengatakan kepada kantor berita Reuters bahwa negosiasi diperkirakan akan dimulai pada hari Kamis, setelah negaranya mengedarkan rancangan resolusi tersebut kepada 10 anggota terpilih DK PBB dan beberapa mitra regional pekan ini."
